residue,atom_name,amber_type,residue_id,res_id_atom_name
ALA,N,N,0,0N
ALA,H,H,0,0H
ALA,CA,CT,0,0CA
ALA,HA,H1,0,0HA
ALA,CB,CT,0,0CB
ALA,HB1,HC,0,0HB1
ALA,HB2,HC,0,0HB2
ALA,HB3,HC,0,0HB3
ALA,C,C,0,0C
ALA,O,O,0,0O
ARG,N,N,1,1N
ARG,H,H,1,1H
ARG,CA,CT,1,1CA
ARG,HA,H1,1,1HA
ARG,CB,CT,1,1CB
ARG,HB2,HC,1,1HB2
ARG,HB3,HC,1,1HB3
ARG,CG,CT,1,1CG
ARG,HG2,HC,1,1HG2
ARG,HG3,HC,1,1HG3
ARG,CD,CT,1,1CD
ARG,HD2,HC,1,1HD2
ARG,HD3,HC,1,1HD3
ARG,NE,NH1,1,1NE
ARG,HE,H,1,1HE
ARG,CZ,C,1,1CZ
ARG,NH1,NH2,1,1NH1
ARG,HH11,H,1,1HH11
ARG,HH12,H,1,1HH12
ARG,NH2,NH2,1,1NH2
ARG,HH21,H,1,1HH21
ARG,HH22,H,1,1HH22
ARG,C,C,1,1C
ARG,O,O,1,1O
ASN,N,N,2,2N
ASN,H,H,2,2H
ASN,CA,CT,2,2CA
ASN,HA,H1,2,2HA
ASN,CB,CT,2,2CB
ASN,HB2,HC,2,2HB2
ASN,HB3,HC,2,2HB3
ASN,CG,C,2,2CG
ASN,OD1,O,2,2OD1
ASN,ND2,N,2,2ND2
ASN,HD21,H,2,2HD21
ASN,HD22,H,2,2HD22
ASN,C,C,2,2C
ASN,O,O,2,2O
ASP,N,N,3,3N
ASP,H,H,3,3H
ASP,CA,CT,3,3CA
ASP,HA,H1,3,3HA
ASP,CB,CT,3,3CB
ASP,HB2,HC,3,3HB2
ASP,HB3,HC,3,3HB3
ASP,CG,C,3,3CG
ASP,OD1,O,3,3OD1
ASP,OD2,O,3,3OD2
ASP,C,C,3,3C
ASP,O,O,3,3O
CYS,N,N,4,4N
CYS,H,H,4,4H
CYS,CA,CT,4,4CA
CYS,HA,H1,4,4HA
CYS,CB,CT,4,4CB
CYS,HB2,HC,4,4HB2
CYS,HB3,HC,4,4HB3
CYS,SG,SH,4,4SG
CYS,HG,HS,4,4HG
CYS,C,C,4,4C
CYS,O,O,4,4O
GLN,N,N,5,5N
GLN,H,H,5,5H
GLN,CA,CT,5,5CA
GLN,HA,H1,5,5HA
GLN,CB,CT,5,5CB
GLN,HB2,HC,5,5HB2
GLN,HB3,HC,5,5HB3
GLN,CG,CT,5,5CG
GLN,HG2,HC,5,5HG2
GLN,HG3,HC,5,5HG3
GLN,CD,C,5,5CD
GLN,OE1,O,5,5OE1
GLN,NE2,N,5,5NE2
GLN,HE21,H,5,5HE21
GLN,HE22,H,5,5HE22
GLN,C,C,5,5C
GLN,O,O,5,5O
GLU,N,N,6,6N
GLU,H,H,6,6H
GLU,CA,CT,6,6CA
GLU,HA,H1,6,6HA
GLU,CB,CT,6,6CB
GLU,HB2,HC,6,6HB2
GLU,HB3,HC,6,6HB3
GLU,CG,CT,6,6CG
GLU,HG2,HC,6,6HG2
GLU,HG3,HC,6,6HG3
GLU,CD,C,6,6CD
GLU,OE1,O,6,6OE1
GLU,OE2,O,6,6OE2
GLU,C,C,6,6C
GLU,O,O,6,6O
GLY,N,N,7,7N
GLY,H,H,7,7H
GLY,CA,CT,7,7CA
GLY,HA2,H1,7,7HA2
GLY,HA3,H1,7,7HA3
GLY,C,C,7,7C
GLY,O,O,7,7O
HIS,N,N,8,8N
HIS,H,H,8,8H
HIS,CA,CT,8,8CA
HIS,HA,H1,8,8HA
HIS,CB,CT,8,8CB
HIS,HB2,HC,8,8HB2
HIS,HB3,HC,8,8HB3
HIS,CG,CW,8,8CG
HIS,ND1,NA,8,8ND1
HIS,HD1,H,8,8HD1
HIS,CD2,CW,8,8CD2
HIS,CE1,CR,8,8CE1
HIS,HE1,H,8,8HE1
HIS,NE2,NB,8,8NE2
HIS,C,C,8,8C
HIS,O,O,8,8O
HIS,ND2,NA,8,8ND2
HIS,HD2,H,8,8HD2
ILE,N,N,9,9N
ILE,H,H,9,9H
ILE,CA,CT,9,9CA
ILE,HA,H1,9,9HA
ILE,CB,CT,9,9CB
ILE,HB,HC,9,9HB
ILE,CG1,CT,9,9CG1
ILE,HG12,HC,9,9HG12
ILE,HG13,HC,9,9HG13
ILE,CG2,CT,9,9CG2
ILE,HG21,HC,9,9HG21
ILE,HG22,HC,9,9HG22
ILE,HG23,HC,9,9HG23
ILE,CD1,CT,9,9CD1
ILE,HD11,HC,9,9HD11
ILE,HD12,HC,9,9HD12
ILE,HD13,HC,9,9HD13
ILE,C,C,9,9C
ILE,O,O,9,9O
LEU,N,N,10,10N
LEU,H,H,10,10H
LEU,CA,CT,10,10CA
LEU,HA,H1,10,10HA
LEU,CB,CT,10,10CB
LEU,HB2,HC,10,10HB2
LEU,HB3,HC,10,10HB3
LEU,CG,CT,10,10CG
LEU,HG,HC,10,10HG
LEU,CD1,CT,10,10CD1
LEU,HD11,HC,10,10HD11
LEU,HD12,HC,10,10HD12
LEU,HD13,HC,10,10HD13
LEU,CD2,CT,10,10CD2
LEU,HD21,HC,10,10HD21
LEU,HD22,HC,10,10HD22
LEU,HD23,HC,10,10HD23
LEU,C,C,10,10C
LEU,O,O,10,10O
LYS,N,N,11,11N
LYS,H,H,11,11H
LYS,CA,CT,11,11CA
LYS,HA,H1,11,11HA
LYS,CB,CT,11,11CB
LYS,HB2,HC,11,11HB2
LYS,HB3,HC,11,11HB3
LYS,CG,CT,11,11CG
LYS,HG2,HC,11,11HG2
LYS,HG3,HC,11,11HG3
LYS,CD,CT,11,11CD
LYS,HD2,HC,11,11HD2
LYS,HD3,HC,11,11HD3
LYS,CE,CT,11,11CE
LYS,HE2,HC,11,11HE2
LYS,HE3,HC,11,11HE3
LYS,NZ,N3,11,11NZ
LYS,HZ1,H1,11,11HZ1
LYS,HZ2,H1,11,11HZ2
LYS,HZ3,H1,11,11HZ3
LYS,C,C,11,11C
LYS,O,O,11,11O
MET,N,N,12,12N
MET,H,H,12,12H
MET,CA,CT,12,12CA
MET,HA,H1,12,12HA
MET,CB,CT,12,12CB
MET,HB2,HC,12,12HB2
MET,HB3,HC,12,12HB3
MET,CG,CT,12,12CG
MET,HG2,HC,12,12HG2
MET,HG3,HC,12,12HG3
MET,SD,S,12,12SD
MET,CE,CT,12,12CE
MET,HE1,HC,12,12HE1
MET,HE2,HC,12,12HE2
MET,HE3,HC,12,12HE3
MET,C,C,12,12C
MET,O,O,12,12O
PHE,N,N,13,13N
PHE,H,H,13,13H
PHE,CA,CT,13,13CA
PHE,HA,H1,13,13HA
PHE,CB,CT,13,13CB
PHE,HB2,HC,13,13HB2
PHE,HB3,HC,13,13HB3
PHE,CG,CA,13,13CG
PHE,CD1,CA,13,13CD1
PHE,HD1,HA,13,13HD1
PHE,CD2,CA,13,13CD2
PHE,HD2,HA,13,13HD2
PHE,CE1,CA,13,13CE1
PHE,HE1,HA,13,13HE1
PHE,CE2,CA,13,13CE2
PHE,HE2,HA,13,13HE2
PHE,CZ,CA,13,13CZ
PHE,HZ,HA,13,13HZ
PHE,C,C,13,13C
PHE,O,O,13,13O
PRO,N,N,14,14N
PRO,CA,CT,14,14CA
PRO,HA,H1,14,14HA
PRO,CB,CT,14,14CB
PRO,HB2,HC,14,14HB2
PRO,HB3,HC,14,14HB3
PRO,CG,CT,14,14CG
PRO,HG2,HC,14,14HG2
PRO,HG3,HC,14,14HG3
PRO,CD,CT,14,14CD
PRO,HD2,HC,14,14HD2
PRO,HD3,HC,14,14HD3
PRO,C,C,14,14C
PRO,O,O,14,14O
SER,N,N,15,15N
SER,H,H,15,15H
SER,CA,CT,15,15CA
SER,HA,H1,15,15HA
SER,CB,CT,15,15CB
SER,HB2,HC,15,15HB2
SER,HB3,HC,15,15HB3
SER,OG,OH,15,15OG
SER,HG,HO,15,15HG
SER,C,C,15,15C
SER,O,O,15,15O
THR,N,N,16,16N
THR,H,H,16,16H
THR,CA,CT,16,16CA
THR,HA,H1,16,16HA
THR,CB,CT,16,16CB
THR,HB,HC,16,16HB
THR,OG1,OH,16,16OG1
THR,HG1,HO,16,16HG1
THR,CG2,CT,16,16CG2
THR,HG21,HC,16,16HG21
THR,HG22,HC,16,16HG22
THR,HG23,HC,16,16HG23
THR,C,C,16,16C
THR,O,O,16,16O
TRP,N,N,17,17N
TRP,H,H,17,17H
TRP,CA,CT,17,17CA
TRP,HA,H1,17,17HA
TRP,CB,CT,17,17CB
TRP,HB2,HC,17,17HB2
TRP,HB3,HC,17,17HB3
TRP,CG,C,17,17CG
TRP,CD1,CW,17,17CD1
TRP,HD1,H,17,17HD1
TRP,CD2,C,17,17CD2
TRP,NE1,NA,17,17NE1
TRP,HE1,H,17,17HE1
TRP,CE2,C,17,17CE2
TRP,CE3,CA,17,17CE3
TRP,HE3,HA,17,17HE3
TRP,CZ2,CA,17,17CZ2
TRP,HZ2,HA,17,17HZ2
TRP,CZ3,CA,17,17CZ3
TRP,HZ3,HA,17,17HZ3
TRP,CH2,CA,17,17CH2
TRP,HH2,HA,17,17HH2
TRP,C,C,17,17C
TRP,O,O,17,17O
TYR,N,N,18,18N
TYR,H,H,18,18H
TYR,CA,CT,18,18CA
TYR,HA,H1,18,18HA
TYR,CB,CT,18,18CB
TYR,HB2,HC,18,18HB2
TYR,HB3,HC,18,18HB3
TYR,CG,CA,18,18CG
TYR,CD1,CA,18,18CD1
TYR,HD1,HA,18,18HD1
TYR,CD2,CA,18,18CD2
TYR,HD2,HA,18,18HD2
TYR,CE1,CA,18,18CE1
TYR,HE1,HA,18,18HE1
TYR,CE2,CA,18,18CE2
TYR,HE2,HA,18,18HE2
TYR,CZ,CA,18,18CZ
TYR,OH,OH,18,18OH
TYR,HH,HO,18,18HH
TYR,C,C,18,18C
TYR,O,O,18,18O
VAL,N,N,19,19N
VAL,H,H,19,19H
VAL,CA,CT,19,19CA
VAL,HA,H1,19,19HA
VAL,CB,CT,19,19CB
VAL,HB,HC,19,19HB
VAL,CG1,CT,19,19CG1
VAL,HG11,HC,19,19HG11
VAL,HG12,HC,19,19HG12
VAL,HG13,HC,19,19HG13
VAL,CG2,CT,19,19CG2
VAL,HG21,HC,19,19HG21
VAL,HG22,HC,19,19HG22
VAL,HG23,HC,19,19HG23
VAL,C,C,19,19C
VAL,O,O,19,19O