residue,atom_name,amber_type
ALA,N,N
ALA,H,H
ALA,CA,CT
ALA,HA,H1
ALA,CB,CT
ALA,HB1,HC
ALA,HB2,HC
ALA,HB3,HC
ALA,C,C
ALA,O,O
ARG,N,N
ARG,H,H
ARG,CA,CT
ARG,HA,H1
ARG,CB,CT
ARG,HB2,HC
ARG,HB3,HC
ARG,CG,CT
ARG,HG2,HC
ARG,HG3,HC
ARG,CD,CT
ARG,HD2,HC
ARG,HD3,HC
ARG,NE,NH1
ARG,HE,H
ARG,CZ,C
ARG,NH1,NH2
ARG,HH11,H
ARG,HH12,H
ARG,NH2,NH2
ARG,HH21,H
ARG,HH22,H
ARG,C,C
ARG,O,O
ASN,N,N
ASN,H,H
ASN,CA,CT
ASN,HA,H1
ASN,CB,CT
ASN,HB2,HC
ASN,HB3,HC
ASN,CG,C
ASN,OD1,O
ASN,ND2,N
ASN,HD21,H
ASN,HD22,H
ASN,C,C
ASN,O,O
ASP,N,N
ASP,H,H
ASP,CA,CT
ASP,HA,H1
ASP,CB,CT
ASP,HB2,HC
ASP,HB3,HC
ASP,CG,C
ASP,OD1,O
ASP,OD2,O
ASP,C,C
ASP,O,O
CYS,N,N
CYS,H,H
CYS,CA,CT
CYS,HA,H1
CYS,CB,CT
CYS,HB2,HC
CYS,HB3,HC
CYS,SG,SH
CYS,HG,HS
CYS,C,C
CYS,O,O
GLN,N,N
GLN,H,H
GLN,CA,CT
GLN,HA,H1
GLN,CB,CT
GLN,HB2,HC
GLN,HB3,HC
GLN,CG,CT
GLN,HG2,HC
GLN,HG3,HC
GLN,CD,C
GLN,OE1,O
GLN,NE2,N
GLN,HE21,H
GLN,HE22,H
GLN,C,C
GLN,O,O
GLU,N,N
GLU,H,H
GLU,CA,CT
GLU,HA,H1
GLU,CB,CT
GLU,HB2,HC
GLU,HB3,HC
GLU,CG,CT
GLU,HG2,HC
GLU,HG3,HC
GLU,CD,C
GLU,OE1,O
GLU,OE2,O
GLU,C,C
GLU,O,O
GLY,N,N
GLY,H,H
GLY,CA,CT
GLY,HA2,H1
GLY,HA3,H1
GLY,C,C
GLY,O,O
HIS,N,N
HIS,H,H
HIS,CA,CT
HIS,HA,H1
HIS,CB,CT
HIS,HB2,HC
HIS,HB3,HC
HIS,CG,CW
HIS,ND1,NA
HIS,HD1,H
HIS,CD2,CW
HIS,CE1,CR
HIS,HE1,H
HIS,NE2,NB
HIS,C,C
HIS,O,O
ILE,N,N
ILE,H,H
ILE,CA,CT
ILE,HA,H1
ILE,CB,CT
ILE,HB,HC
ILE,CG1,CT
ILE,HG12,HC
ILE,HG13,HC
ILE,CG2,CT
ILE,HG21,HC
ILE,HG22,HC
ILE,HG23,HC
ILE,CD1,CT
ILE,HD11,HC
ILE,HD12,HC
ILE,HD13,HC
ILE,C,C
ILE,O,O
LEU,N,N
LEU,H,H
LEU,CA,CT
LEU,HA,H1
LEU,CB,CT
LEU,HB2,HC
LEU,HB3,HC
LEU,CG,CT
LEU,HG,HC
LEU,CD1,CT
LEU,HD11,HC
LEU,HD12,HC
LEU,HD13,HC
LEU,CD2,CT
LEU,HD21,HC
LEU,HD22,HC
LEU,HD23,HC
LEU,C,C
LEU,O,O
LYS,N,N
LYS,H,H
LYS,CA,CT
LYS,HA,H1
LYS,CB,CT
LYS,HB2,HC
LYS,HB3,HC
LYS,CG,CT
LYS,HG2,HC
LYS,HG3,HC
LYS,CD,CT
LYS,HD2,HC
LYS,HD3,HC
LYS,CE,CT
LYS,HE2,HC
LYS,HE3,HC
LYS,NZ,N3
LYS,HZ1,H1
LYS,HZ2,H1
LYS,HZ3,H1
LYS,C,C
LYS,O,O
MET,N,N
MET,H,H
MET,CA,CT
MET,HA,H1
MET,CB,CT
MET,HB2,HC
MET,HB3,HC
MET,CG,CT
MET,HG2,HC
MET,HG3,HC
MET,SD,S
MET,CE,CT
MET,HE1,HC
MET,HE2,HC
MET,HE3,HC
MET,C,C
MET,O,O
PHE,N,N
PHE,H,H
PHE,CA,CT
PHE,HA,H1
PHE,CB,CT
PHE,HB2,HC
PHE,HB3,HC
PHE,CG,CA
PHE,CD1,CA
PHE,HD1,HA
PHE,CD2,CA
PHE,HD2,HA
PHE,CE1,CA
PHE,HE1,HA
PHE,CE2,CA
PHE,HE2,HA
PHE,CZ,CA
PHE,HZ,HA
PHE,C,C
PHE,O,O
PRO,N,N
PRO,CA,CT
PRO,HA,H1
PRO,CB,CT
PRO,HB2,HC
PRO,HB3,HC
PRO,CG,CT
PRO,HG2,HC
PRO,HG3,HC
PRO,CD,CT
PRO,HD2,HC
PRO,HD3,HC
PRO,C,C
PRO,O,O
SER,N,N
SER,H,H
SER,CA,CT
SER,HA,H1
SER,CB,CT
SER,HB2,HC
SER,HB3,HC
SER,OG,OH
SER,HG,HO
SER,C,C
SER,O,O
THR,N,N
THR,H,H
THR,CA,CT
THR,HA,H1
THR,CB,CT
THR,HB,HC
THR,OG1,OH
THR,HG1,HO
THR,CG2,CT
THR,HG21,HC
THR,HG22,HC
THR,HG23,HC
THR,C,C
THR,O,O
TRP,N,N
TRP,H,H
TRP,CA,CT
TRP,HA,H1
TRP,CB,CT
TRP,HB2,HC
TRP,HB3,HC
TRP,CG,C
TRP,CD1,CW
TRP,HD1,H
TRP,CD2,C
TRP,NE1,NA
TRP,HE1,H
TRP,CE2,C
TRP,CE3,CA
TRP,HE3,HA
TRP,CZ2,CA
TRP,HZ2,HA
TRP,CZ3,CA
TRP,HZ3,HA
TRP,CH2,CA
TRP,HH2,HA
TRP,C,C
TRP,O,O
TYR,N,N
TYR,H,H
TYR,CA,CT
TYR,HA,H1
TYR,CB,CT
TYR,HB2,HC
TYR,HB3,HC
TYR,CG,CA
TYR,CD1,CA
TYR,HD1,HA
TYR,CD2,CA
TYR,HD2,HA
TYR,CE1,CA
TYR,HE1,HA
TYR,CE2,CA
TYR,HE2,HA
TYR,CZ,CA
TYR,OH,OH
TYR,HH,HO
TYR,C,C
TYR,O,O
VAL,N,N
VAL,H,H
VAL,CA,CT
VAL,HA,H1
VAL,CB,CT
VAL,HB,HC
VAL,CG1,CT
VAL,HG11,HC
VAL,HG12,HC
VAL,HG13,HC
VAL,CG2,CT
VAL,HG21,HC
VAL,HG22,HC
VAL,HG23,HC
VAL,C,C
VAL,O,O
